stock_name,stock_code,board_name,board_code
平潭发展,000592,福建板块,BK0151
榕基软件,002474,福建板块,BK0151
航天发展,000547,福建板块,BK0151
华电新能,600930,福建板块,BK0151
招标股份,301136,福建板块,BK0151
鸿博股份,002229,福建板块,BK0151
雪人集团,002639,福建板块,BK0151
太阳电缆,002300,福建板块,BK0151
惠泉啤酒,600573,福建板块,BK0151
宁德时代,300750,福建板块,BK0151
中仑新材,301565,福建板块,BK0151
南威软件,603636,福建板块,BK0151
紫金矿业,601899,福建板块,BK0151
福龙马,603686,福建板块,BK0151
欣贺股份,003016,福建板块,BK0151
合力泰,002217,福建板块,BK0151
三祥新材,603663,福建板块,BK0151
光莆股份,300632,福建板块,BK0151
海通发展,603162,福建板块,BK0151
红相股份,300427,福建板块,BK0151
恒锋信息,300605,福建板块,BK0151
昇兴股份,002752,福建板块,BK0151
厦门钨业,600549,福建板块,BK0151
青山纸业,600103,福建板块,BK0151
龙洲股份,002682,福建板块,BK0151
闽东电力,000993,福建板块,BK0151
弘信电子,300657,福建板块,BK0151
科华数据,002335,福建板块,BK0151
厦门港务,000905,福建板块,BK0151
创识科技,300941,福建板块,BK0151
垒知集团,002398,福建板块,BK0151
舒华体育,605299,福建板块,BK0151
中国武夷,000797,福建板块,BK0151
龙高股份,605086,福建板块,BK0151
合兴包装,002228,福建板块,BK0151
达华智能,002512,福建板块,BK0151
冠城新材,600067,福建板块,BK0151
漳州发展,000753,福建板块,BK0151
国安达,300902,福建板块,BK0151
星云股份,300648,福建板块,BK0151
金龙汽车,600686,福建板块,BK0151
铁拓机械,920706,福建板块,BK0151
安记食品,603696,福建板块,BK0151
宸展光电,003019,福建板块,BK0151
大博医疗,002901,福建板块,BK0151
路桥信息,920748,福建板块,BK0151
永福股份,300712,福建板块,BK0151
中富通,300560,福建板块,BK0151
吉宏股份,002803,福建板块,BK0151
永安林业,000663,福建板块,BK0151
龙竹科技,920445,福建板块,BK0151
三钢闽光,002110,福建板块,BK0151
通达创智,001368,福建板块,BK0151
博思软件,300525,福建板块,BK0151
浔兴股份,002098,福建板块,BK0151
厦工股份,600815,福建板块,BK0151
思泰克,301568,福建板块,BK0151
奥佳华,002614,福建板块,BK0151
海峡环保,603817,福建板块,BK0151
狄耐克,300884,福建板块,BK0151
远翔新材,301300,福建板块,BK0151
ST易联众,300096,福建板块,BK0151
东亚机械,301028,福建板块,BK0151
*ST绿康,002868,福建板块,BK0151
火炬电子,603678,福建板块,BK0151
日上集团,002593,福建板块,BK0151
富春股份,300299,福建板块,BK0151
松霖科技,603992,福建板块,BK0151
圣农发展,002299,福建板块,BK0151
延江股份,300658,福建板块,BK0151
中闽能源,600163,福建板块,BK0151
万里石,002785,福建板块,BK0151
麦克奥迪,300341,福建板块,BK0151
龙净环保,600388,福建板块,BK0151
建发合诚,603909,福建板块,BK0151
安通控股,600179,福建板块,BK0151
坤彩科技,603826,福建板块,BK0151
厦门象屿,600057,福建板块,BK0151
慧翰股份,301600,福建板块,BK0151
鹭燕医药,002788,福建板块,BK0151
瑞尔特,002790,福建板块,BK0151
学大教育,000526,福建板块,BK0151
厦门空港,600897,福建板块,BK0151
瑞达期货,002961,福建板块,BK0151
优迅股份,688807,福建板块,BK0151
安妮股份,002235,福建板块,BK0151
厦门国贸,600755,福建板块,BK0151
卓越新能,688196,福建板块,BK0151
建霖家居,603408,福建板块,BK0151
福建金森,002679,福建板块,BK0151
兴通股份,603209,福建板块,BK0151
三棵树,603737,福建板块,BK0151
华厦眼科,301267,福建板块,BK0151
星网锐捷,002396,福建板块,BK0151
*ST海钦,600753,福建板块,BK0151
特宝生物,688278,福建板块,BK0151
金牌家居,603180,福建板块,BK0151
凤竹纺织,600493,福建板块,BK0151
锐捷网络,301165,福建板块,BK0151
赛特新材,688398,福建板块,BK0151
人民同泰,600829,黑龙江,BK0146
宝泰隆,601011,黑龙江,BK0146
中国一重,601106,黑龙江,BK0146
森鹰窗业,301227,黑龙江,BK0146
哈药股份,600664,黑龙江,BK0146
东安动力,600178,黑龙江,BK0146
新光光电,688011,黑龙江,BK0146
哈空调,600202,黑龙江,BK0146
华电能源,600726,黑龙江,BK0146
珍宝岛,603567,黑龙江,BK0146
ST信通,600289,黑龙江,BK0146
大庆华科,000985,黑龙江,BK0146
S佳通,600182,黑龙江,BK0146
葵花药业,002737,黑龙江,BK0146
敷尔佳,301371,黑龙江,BK0146
哈铁科技,688459,黑龙江,BK0146
万向德农,600371,黑龙江,BK0146
龙版传媒,605577,黑龙江,BK0146
国中水务,600187,黑龙江,BK0146
大鹏工业,920091,黑龙江,BK0146
恒丰纸业,600356,黑龙江,BK0146
威帝股份,603023,黑龙江,BK0146
天有为,603202,黑龙江,BK0146
ST京蓝,000711,黑龙江,BK0146
誉衡药业,002437,黑龙江,BK0146
龙建股份,600853,黑龙江,BK0146
龙江交通,601188,黑龙江,BK0146
九洲集团,300040,黑龙江,BK0146
佳电股份,000922,黑龙江,BK0146
哈投股份,600864,黑龙江,BK0146
北大荒,600598,黑龙江,BK0146
中直股份,600038,黑龙江,BK0146
航天科技,000901,黑龙江,BK0146
哈三联,002900,黑龙江,BK0146
博实股份,002698,黑龙江,BK0146
奥瑞德,600666,黑龙江,BK0146
湘财股份,600095,黑龙江,BK0146
广联航空,300900,黑龙江,BK0146
粤桂股份,000833,广西板块,BK0154
柳    工,000528,广西板块,BK0154
恒逸石化,000703,广西板块,BK0154
东方智造,002175,广西板块,BK0154
柳药集团,603368,广西板块,BK0154
桂冠电力,600236,广西板块,BK0154
*ST阳光,000608,广西板块,BK0154
黑芝麻,000716,广西板块,BK0154
五洲交通,600368,广西板块,BK0154
福达股份,603166,广西板块,BK0154
北部湾港,000582,广西板块,BK0154
天山电子,301379,广西板块,BK0154
丰林集团,601996,广西板块,BK0154
绿城水务,601368,广西板块,BK0154
两面针,600249,广西板块,BK0154
博世科,300422,广西板块,BK0154
星辰科技,920885,广西板块,BK0154
桂林三金,002275,广西板块,BK0154
桂林旅游,000978,广西板块,BK0154
ST智知,603869,广西板块,BK0154
华原股份,920837,广西板块,BK0154
华蓝集团,301027,广西板块,BK0154
田野股份,920023,广西板块,BK0154
ST八菱,002592,广西板块,BK0154
广西广电,600936,广西板块,BK0154
河化股份,000953,广西板块,BK0154
百洋股份,002696,广西板块,BK0154
广农糖业,000911,广西板块,BK0154
广西能源,600310,广西板块,BK0154
国发股份,600538,广西板块,BK0154
南宁百货,600712,广西板块,BK0154
西麦食品,002956,广西板块,BK0154
柳钢股份,601003,广西板块,BK0154
柳化股份,600423,广西板块,BK0154
皇氏集团,002329,广西板块,BK0154
润建股份,002929,广西板块,BK0154
国海证券,000750,广西板块,BK0154
中恒集团,600252,广西板块,BK0154
莱茵生物,002166,广西板块,BK0154
新迅达,300518,广西板块,BK0154
华锡有色,600301,广西板块,BK0154
天下秀,600556,广西板块,BK0154
航天动力,600343,陕西板块,BK0165
陕西金叶,000812,陕西板块,BK0165
西部材料,002149,陕西板块,BK0165
爱科赛博,688719,陕西板块,BK0165
北方长龙,301357,陕西板块,BK0165
斯瑞新材,688102,陕西板块,BK0165
三角防务,300775,陕西板块,BK0165
晨曦航空,300581,陕西板块,BK0165
彩虹股份,600707,陕西板块,BK0165
西安饮食,000721,陕西板块,BK0165
铂力特,688333,陕西板块,BK0165
环球印务,002799,陕西板块,BK0165
*ST炼石,000697,陕西板块,BK0165
天和防务,300397,陕西板块,BK0165
航发动力,600893,陕西板块,BK0165
陕西黑猫,601015,陕西板块,BK0165
陕西华达,301517,陕西板块,BK0165
陕西能源,001286,陕西板块,BK0165
农心科技,001231,陕西板块,BK0165
三人行,605168,陕西板块,BK0165
诺瓦星云,301589,陕西板块,BK0165
建设机械,600984,陕西板块,BK0165
美邦股份,605033,陕西板块,BK0165
中再资环,600217,陕西板块,BK0165
康惠股份,603139,陕西板块,BK0165
西安旅游,000610,陕西板块,BK0165
西安银行,600928,陕西板块,BK0165
宝钛股份,600456,陕西板块,BK0165
瑞联新材,688550,陕西板块,BK0165
莱特光电,688150,陕西板块,BK0165
同力股份,920599,陕西板块,BK0165
达刚控股,300103,陕西板块,BK0165
天力复合,920576,陕西板块,BK0165
天地源,600665,陕西板块,BK0165
科隆新材,920098,陕西板块,BK0165
曲江文旅,600706,陕西板块,BK0165
派瑞股份,300831,陕西板块,BK0165
蓝晓科技,300487,陕西板块,BK0165
凯立新材,688269,陕西板块,BK0165
万德股份,920519,陕西板块,BK0165
西高院,688334,陕西板块,BK0165
康拓医疗,688314,陕西板块,BK0165
中天火箭,003009,陕西板块,BK0165
宝光股份,600379,陕西板块,BK0165
陕建股份,600248,陕西板块,BK0165
华秦科技,688281,陕西板块,BK0165
高铁电气,688285,陕西板块,BK0165
陕国投Ａ,000563,陕西板块,BK0165
节能环境,300140,陕西板块,BK0165
兴化股份,002109,陕西板块,BK0165
博通股份,600455,陕西板块,BK0165
天润科技,920564,陕西板块,BK0165
富士达,920640,陕西板块,BK0165
陕天然气,002267,陕西板块,BK0165
北元集团,601568,陕西板块,BK0165
烽火电子,000561,陕西板块,BK0165
西部超导,688122,陕西板块,BK0165
标准股份,600302,陕西板块,BK0165
国际医学,000516,陕西板块,BK0165
美畅股份,300861,陕西板块,BK0165
三达膜,688101,陕西板块,BK0165
广电网络,600831,陕西板块,BK0165
西测测试,301306,陕西板块,BK0165
荣信文化,301231,陕西板块,BK0165
中熔电气,301031,陕西板块,BK0165
中航成飞,302132,陕西板块,BK0165
美能能源,001299,陕西板块,BK0165
陕鼓动力,601369,陕西板块,BK0165
盘龙药业,002864,陕西板块,BK0165
秦川机床,000837,陕西板块,BK0165
中航西飞,000768,陕西板块,BK0165
金花股份,600080,陕西板块,BK0165
金钼股份,601958,陕西板块,BK0165
西部证券,002673,陕西板块,BK0165
西安奕材-U,688783,陕西板块,BK0165
供销大集,000564,陕西板块,BK0165
陕西煤业,601225,陕西板块,BK0165
通源石油,300164,陕西板块,BK0165
源杰科技,688498,陕西板块,BK0165
中国西电,601179,陕西板块,BK0165
炬光科技,688167,陕西板块,BK0165
易点天下,301171,陕西板块,BK0165
隆基绿能,601012,陕西板块,BK0165
*ST春天,600381,青海板块,BK0163
*ST正平,603843,青海板块,BK0163
金瑞矿业,600714,青海板块,BK0163
远东股份,600869,青海板块,BK0163
西宁特钢,600117,青海板块,BK0163
天佑德酒,002646,青海板块,BK0163
*ST海华,600243,青海板块,BK0163
西部矿业,601168,青海板块,BK0163
藏格矿业,000408,青海板块,BK0163
盐湖股份,000792,青海板块,BK0163
航天电器,002025,贵州板块,BK0173
贵州轮胎,000589,贵州板块,BK0173
黔源电力,002039,贵州板块,BK0173
贵阳银行,601997,贵州板块,BK0173
盘江股份,600395,贵州板块,BK0173
世纪恒通,301428,贵州板块,BK0173
贵州百灵,002424,贵州板块,BK0173
贵州三力,603439,贵州板块,BK0173
安达科技,920809,贵州板块,BK0173
振华风光,688439,贵州板块,BK0173
川恒股份,002895,贵州板块,BK0173
新天药业,002873,贵州板块,BK0173
贵绳股份,600992,贵州板块,BK0173
贵航股份,600523,贵州板块,BK0173
永吉股份,603058,贵州板块,BK0173
贵州燃气,600903,贵州板块,BK0173
保利联合,002037,贵州板块,BK0173
华夏航空,002928,贵州板块,BK0173
勘设股份,603458,贵州板块,BK0173
航宇科技,688239,贵州板块,BK0173
沃顿科技,000920,贵州板块,BK0173
益佰制药,600594,贵州板块,BK0173
泰永长征,002927,贵州板块,BK0173
赤天化,600227,贵州板块,BK0173
振华科技,000733,贵州板块,BK0173
朗玛信息,300288,贵州板块,BK0173
红星发展,600367,贵州板块,BK0173
振华新材,688707,贵州板块,BK0173
信邦制药,002390,贵州板块,BK0173
中毅达,600610,贵州板块,BK0173
中航重机,600765,贵州板块,BK0173
贵广网络,600996,贵州板块,BK0173
中伟股份,300919,贵州板块,BK0173
贵州茅台,600519,贵州板块,BK0173
恒银科技,603106,天津板块,BK0166
七一二,603712,天津板块,BK0166
渤海化学,600800,天津板块,BK0166
华海清科,688120,天津板块,BK0166
依依股份,001206,天津板块,BK0166
国机汽车,600335,天津板块,BK0166
泰达股份,000652,天津板块,BK0166
津荣天宇,300988,天津板块,BK0166
丹娜生物,920009,天津板块,BK0166
金海通,603061,天津板块,BK0166
达仁堂,600329,天津板块,BK0166
津滨发展,000897,天津板块,BK0166
爱玛科技,603529,天津板块,BK0166
建科智能,300823,天津板块,BK0166
津投城开,600322,天津板块,BK0166
天纺标,920753,天津板块,BK0166
凯华材料,920526,天津板块,BK0166
美腾科技,688420,天津板块,BK0166
力生制药,002393,天津板块,BK0166
瑞普生物,300119,天津板块,BK0166
新经典,603096,天津板块,BK0166
捷强装备,300875,天津板块,BK0166
津药药业,600488,天津板块,BK0166
绿茵生态,002887,天津板块,BK0166
中材节能,603126,天津板块,BK0166
康希诺,688185,天津板块,BK0166
创业环保,600874,天津板块,BK0166
兆讯传媒,301102,天津板块,BK0166
锐新科技,300828,天津板块,BK0166
长荣股份,300195,天津板块,BK0166
久日新材,688199,天津板块,BK0166
津膜科技,300334,天津板块,BK0166
海泰发展,600082,天津板块,BK0166
中国铁物,000927,天津板块,BK0166
天津港,600717,天津板块,BK0166
九安医疗,002432,天津板块,BK0166
中绿电,000537,天津板块,BK0166
中重科技,603135,天津板块,BK0166
天津普林,002134,天津板块,BK0166
红日药业,300026,天津板块,BK0166
中储股份,600787,天津板块,BK0166
凯发电气,300407,天津板块,BK0166
鹏翎股份,300375,天津板块,BK0166
金开新能,600821,天津板块,BK0166
博迈科,603727,天津板块,BK0166
中海油服,601808,天津板块,BK0166
银龙股份,603969,天津板块,BK0166
百利电气,600468,天津板块,BK0166
友发集团,601686,天津板块,BK0166
桂发祥,002820,天津板块,BK0166
凯莱英,002821,天津板块,BK0166
天士力,600535,天津板块,BK0166
中体产业,600158,天津板块,BK0166
经纬辉开,300120,天津板块,BK0166
天汽模,002510,天津板块,BK0166
利安隆,300596,天津板块,BK0166
赛象科技,002337,天津板块,BK0166
盟固利,301487,天津板块,BK0166
海油工程,600583,天津板块,BK0166
赛诺医疗,688108,天津板块,BK0166
海航科技,600751,天津板块,BK0166
招商公路,001965,天津板块,BK0166
天保基建,000965,天津板块,BK0166
中源协和,600645,天津板块,BK0166
唯捷创芯,688153,天津板块,BK0166
滨海能源,000695,天津板块,BK0166
中远海控,601919,天津板块,BK0166
海光信息,688041,天津板块,BK0166
TCL中环,002129,天津板块,BK0166
三六零,601360,天津板块,BK0166
中科曙光,603019,天津板块,BK0166
安泰集团,600408,山西板块,BK0167
山西汾酒,600809,山西板块,BK0167
锦波生物,920982,山西板块,BK0167
华阳股份,600348,山西板块,BK0167
亚宝药业,600351,山西板块,BK0167
太钢不锈,000825,山西板块,BK0167
永东股份,002753,山西板块,BK0167
美锦能源,000723,山西板块,BK0167
同德化工,002360,山西板块,BK0167
科新发展,600234,山西板块,BK0167
华阳新材,600281,山西板块,BK0167
壶化股份,003002,山西板块,BK0167
晋西车轴,600495,山西板块,BK0167
仟源医药,300254,山西板块,BK0167
狮头股份,600539,山西板块,BK0167
大禹生物,920970,山西板块,BK0167
科达自控,920932,山西板块,BK0167
金利华电,300069,山西板块,BK0167
通宝能源,600780,山西板块,BK0167
山西焦化,600740,山西板块,BK0167
山西高速,000755,山西板块,BK0167
晋控电力,000767,山西板块,BK0167
蓝焰控股,000968,山西板块,BK0167
山煤国际,600546,山西板块,BK0167
派林生物,000403,山西板块,BK0167
振东制药,300158,山西板块,BK0167
山西证券,002500,山西板块,BK0167
国新能源,600617,山西板块,BK0167
晋控煤业,601001,山西板块,BK0167
华翔股份,603112,山西板块,BK0167
广誉远,600771,山西板块,BK0167
山西焦煤,000983,山西板块,BK0167
潞化科技,600691,山西板块,BK0167
跨境通,002640,山西板块,BK0167
ST太重,600169,山西板块,BK0167
兰花科创,600123,山西板块,BK0167
大秦铁路,601006,山西板块,BK0167
潞安环能,601699,山西板块,BK0167
东杰智能,300486,山西板块,BK0167
北方铜业,000737,山西板块,BK0167
永泰能源,600157,山西板块,BK0167
国风新材,000859,安徽板块,BK0149
同庆楼,605108,安徽板块,BK0149
合百集团,000417,安徽板块,BK0149
星图测控,920116,安徽板块,BK0149
神剑股份,002361,安徽板块,BK0149
华人健康,301408,安徽板块,BK0149
壹石通,688733,安徽板块,BK0149
长城军工,601606,安徽板块,BK0149
江航装备,688586,安徽板块,BK0149
恒烁股份,688416,安徽板块,BK0149
三只松鼠,300783,安徽板块,BK0149
铜陵有色,000630,安徽板块,BK0149
皖维高新,600063,安徽板块,BK0149
合肥城建,002208,安徽板块,BK0149
恒鑫生活,301501,安徽板块,BK0149
佳先股份,920489,安徽板块,BK0149
芯动联科,688582,安徽板块,BK0149
志邦家居,603801,安徽板块,BK0149
全柴动力,600218,安徽板块,BK0149
拓山重工,001226,安徽板块,BK0149
皖通科技,002331,安徽板块,BK0149
龙磁科技,300835,安徽板块,BK0149
立方制药,003020,安徽板块,BK0149
井松智能,688251,安徽板块,BK0149
融捷健康,300247,安徽板块,BK0149
广信股份,603599,安徽板块,BK0149
万朗磁塑,603150,安徽板块,BK0149
嘉美包装,002969,安徽板块,BK0149
德力股份,002571,安徽板块,BK0149
中环环保,300692,安徽板块,BK0149
艾可蓝,300816,安徽板块,BK0149
ST德豪,002005,安徽板块,BK0149
淮河能源,600575,安徽板块,BK0149
众源新材,603527,安徽板块,BK0149
金种子酒,600199,安徽板块,BK0149
东方材料,603110,安徽板块,BK0149
容知日新,688768,安徽板块,BK0149
集友股份,603429,安徽板块,BK0149
华业香料,300886,安徽板块,BK0149
华塑股份,600935,安徽板块,BK0149
开润股份,300577,安徽板块,BK0149
皖能电力,000543,安徽板块,BK0149
福赛科技,301529,安徽板块,BK0149
美亚光电,002690,安徽板块,BK0149
皖新传媒,601801,安徽板块,BK0149
翰博高新,301321,安徽板块,BK0149
多利科技,001311,安徽板块,BK0149
丰原药业,000153,安徽板块,BK0149
华骐环保,300929,安徽板块,BK0149
皖天然气,603689,安徽板块,BK0149
黄山胶囊,002817,安徽板块,BK0149
安凯客车,000868,安徽板块,BK0149
恒源煤电,600971,安徽板块,BK0149
大地熊,688077,安徽板块,BK0149
舜禹股份,301519,安徽板块,BK0149
华恒生物,688639,安徽板块,BK0149
洽洽食品,002557,安徽板块,BK0149
铜冠矿建,920019,安徽板块,BK0149
蓝盾光电,300862,安徽板块,BK0149
英力股份,300956,安徽板块,BK0149
超越科技,301049,安徽板块,BK0149
巨一科技,688162,安徽板块,BK0149
汇通控股,603409,安徽板块,BK0149
雅葆轩,920357,安徽板块,BK0149
泰尔股份,002347,安徽板块,BK0149
华茂股份,000850,安徽板块,BK0149
安利股份,300218,安徽板块,BK0149
永新股份,002014,安徽板块,BK0149
洁雅股份,301108,安徽板块,BK0149
古麒绒材,001390,安徽板块,BK0149
中草香料,920016,安徽板块,BK0149
科拜尔,920066,安徽板块,BK0149
五洲医疗,301234,安徽板块,BK0149
峆一药业,920478,安徽板块,BK0149
国元证券,000728,安徽板块,BK0149
*ST立方,300344,安徽板块,BK0149
黄山谷捷,301581,安徽板块,BK0149
埃科光电,688610,安徽板块,BK0149
合肥高科,920718,安徽板块,BK0149
三联锻造,001282,安徽板块,BK0149
节能国祯,300388,安徽板块,BK0149
三佳科技,600520,安徽板块,BK0149
华菱精工,603356,安徽板块,BK0149
惠而浦,600983,安徽板块,BK0149
耐科装备,688419,安徽板块,BK0149
富乐德,301297,安徽板块,BK0149
强邦新材,001279,安徽板块,BK0149
鸿路钢构,002541,安徽板块,BK0149
晶赛科技,920981,安徽板块,BK0149
六国化工,600470,安徽板块,BK0149
安徽凤凰,920000,安徽板块,BK0149
浩淼科技,920856,安徽板块,BK0149
中粮科技,000930,安徽板块,BK0149
建研设计,301167,安徽板块,BK0149
元琛科技,688659,安徽板块,BK0149
龙利得,300883,安徽板块,BK0149
常青股份,603768,安徽板块,BK0149
中科美菱,920992,安徽板块,BK0149
佳力奇,301586,安徽板块,BK0149
皖仪科技,688600,安徽板块,BK0149
华夏幸福,600340,河北板块,BK0155
荣盛发展,002146,河北板块,BK0155
龙星科技,002442,河北板块,BK0155
三友化工,600409,河北板块,BK0155
中国动力,600482,河北板块,BK0155
凌云股份,600480,河北板块,BK0155
立中集团,300428,河北板块,BK0155
开滦股份,600997,河北板块,BK0155
福成股份,600965,河北板块,BK0155
中船汉光,300847,河北板块,BK0155
冀中能源,000937,河北板块,BK0155
乐凯胶片,600135,河北板块,BK0155
纳科诺尔,920522,河北板块,BK0155
养元饮品,603156,河北板块,BK0155
ST新动力,300152,河北板块,BK0155
廊坊发展,600149,河北板块,BK0155
康泰医学,300869,河北板块,BK0155
金隅冀东,000401,河北板块,BK0155
新兴铸管,000778,河北板块,BK0155
天秦装备,300922,河北板块,BK0155
工大科雅,301197,河北板块,BK0155
东利机械,301298,河北板块,BK0155
通合科技,300491,河北板块,BK0155
建投能源,000600,河北板块,BK0155
方大新材,920163,河北板块,BK0155
金牛化工,600722,河北板块,BK0155
建新股份,300107,河北板块,BK0155
中瓷电子,003031,河北板块,BK0155
惠达卫浴,603385,河北板块,BK0155
华密新材,920247,河北板块,BK0155
瑞星股份,920717,河北板块,BK0155
科力装备,301552,河北板块,BK0155
汇中股份,300371,河北板块,BK0155
海泰新能,920985,河北板块,BK0155
新天绿能,600956,河北板块,BK0155
润农节水,920964,河北板块,BK0155
志晟信息,920171,河北板块,BK0155
美邦科技,920471,河北板块,BK0155
冀东装备,000856,河北板块,BK0155
华斯股份,002494,河北板块,BK0155
无线传媒,301551,河北板块,BK0155
中嘉博创,000889,河北板块,BK0155
老白干酒,600559,河北板块,BK0155
科林电气,603050,河北板块,BK0155
巨力索具,002342,河北板块,BK0155
ST先河,300137,河北板块,BK0155
华北制药,600812,河北板块,BK0155
河钢资源,000923,河北板块,BK0155
爱迪特,301580,河北板块,BK0155
晨光生物,300138,河北板块,BK0155
世昌股份,920022,河北板块,BK0155
博深股份,002282,河北板块,BK0155
冀凯股份,002691,河北板块,BK0155
沧州大化,600230,河北板块,BK0155
青鸟消防,002960,河北板块,BK0155
新奥股份,600803,河北板块,BK0155
财达证券,600906,河北板块,BK0155
秦港股份,601326,河北板块,BK0155
河钢股份,000709,河北板块,BK0155
承德露露,000848,河北板块,BK0155
华通线缆,605196,河北板块,BK0155
以岭药业,002603,河北板块,BK0155
同飞股份,300990,河北板块,BK0155
长城汽车,601633,河北板块,BK0155
中红医疗,300981,河北板块,BK0155
上大股份,301522,河北板块,BK0155
三孚股份,603938,河北板块,BK0155
汇通集团,603176,河北板块,BK0155
唐山港,601000,河北板块,BK0155
尚太科技,001301,河北板块,BK0155
新诺威,300765,河北板块,BK0155
中船特气,688146,河北板块,BK0155
华能国际,600011,河北板块,BK0155
恒工精密,301261,河北板块,BK0155
航天智造,300446,河北板块,BK0155
电投产融,000958,河北板块,BK0155
沧州明珠,002108,河北板块,BK0155
晶澳科技,002459,河北板块,BK0155
保变电气,600550,河北板块,BK0155
常山北明,000158,河北板块,BK0155
紫光国微,002049,河北板块,BK0155
汇金股份,300368,河北板块,BK0155
润泽科技,300442,河北板块,BK0155
常山药业,300255,河北板块,BK0155
通化金马,000766,吉林板块,BK0148
中钢国际,000928,吉林板块,BK0148
奥来德,688378,吉林板块,BK0148
朱老六,920726,吉林板块,BK0148
皓宸医疗,002622,吉林板块,BK0148
欧亚集团,600697,吉林板块,BK0148
亚联发展,002316,吉林板块,BK0148
亚联机械,001395,吉林板块,BK0148
ST通葡,600365,吉林板块,BK0148
致远新能,300985,吉林板块,BK0148
吉大通信,300597,吉林板块,BK0148
吉林碳谷,920077,吉林板块,BK0148
西点药业,301130,吉林板块,BK0148
迪瑞医疗,300396,吉林板块,BK0148
金冠股份,300510,吉林板块,BK0148
研奥股份,300923,吉林板块,BK0148
长春一东,600148,吉林板块,BK0148
吉电股份,000875,吉林板块,BK0148
益盛药业,002566,吉林板块,BK0148
长白山,603099,吉林板块,BK0148
富奥股份,000030,吉林板块,BK0148
苏宁环球,000718,吉林板块,BK0148
吉林高速,601518,吉林板块,BK0148
ST通脉,603559,吉林板块,BK0148
百克生物,688276,吉林板块,BK0148
派斯林,600215,吉林板块,BK0148
中研股份,688716,吉林板块,BK0148
利源股份,002501,吉林板块,BK0148
亚泰集团,600881,吉林板块,BK0148
金圆股份,000546,吉林板块,BK0148
富维股份,600742,吉林板块,BK0148
*ST华微,600360,吉林板块,BK0148
奥普光电,002338,吉林板块,BK0148
启明信息,002232,吉林板块,BK0148
诺德股份,600110,吉林板块,BK0148
吉林敖东,000623,吉林板块,BK0148
吉大正元,003029,吉林板块,BK0148
通化东宝,600867,吉林板块,BK0148
一汽解放,000800,吉林板块,BK0148
金浦钛业,000545,吉林板块,BK0148
*ST万方,000638,吉林板块,BK0148
泉阳泉,600189,吉林板块,BK0148
吉林化纤,000420,吉林板块,BK0148
长春高新,000661,吉林板块,BK0148
英利汽车,601279,吉林板块,BK0148
长春燃气,600333,吉林板块,BK0148
东北证券,000686,吉林板块,BK0148
吉视传媒,601929,吉林板块,BK0148
我爱我家,000560,云南板块,BK0171
云煤能源,600792,云南板块,BK0171
昆工科技,920152,云南板块,BK0171
昆船智能,301311,云南板块,BK0171
川金诺,300505,云南板块,BK0171
一心堂,002727,云南板块,BK0171
云南城投,600239,云南板块,BK0171
丽江股份,002033,云南板块,BK0171
南网储能,600995,云南板块,BK0171
生物谷,920266,云南板块,BK0171
*ST交投,002200,云南板块,BK0171
恩捷股份,002812,云南板块,BK0171
博闻科技,600883,云南板块,BK0171
南天信息,000948,云南板块,BK0171
ST景谷,600265,云南板块,BK0171
云南旅游,002059,云南板块,BK0171
云南能投,002053,云南板块,BK0171
昆药集团,600422,云南板块,BK0171
健之佳,605266,云南板块,BK0171
华致酒行,300755,云南板块,BK0171
神农集团,605296,云南板块,BK0171
云维股份,600725,云南板块,BK0171
华能水电,600025,云南板块,BK0171
贝泰妮,300957,云南板块,BK0171
震安科技,300767,云南板块,BK0171
红塔证券,601236,云南板块,BK0171
建设工业,002265,云南板块,BK0171
ST云动,000903,云南板块,BK0171
太平洋,601099,云南板块,BK0171
驰宏锌锗,600497,云南板块,BK0171
罗平锌电,002114,云南板块,BK0171
云南铜业,000878,云南板块,BK0171
云南白药,000538,云南板块,BK0171
云南锗业,002428,云南板块,BK0171
贵研铂业,600459,云南板块,BK0171
沃森生物,300142,云南板块,BK0171
云天化,600096,云南板块,BK0171
云铝股份,000807,云南板块,BK0171
锡业股份,000960,云南板块,BK0171
北大医药,000788,重庆板块,BK0170
重庆建工,600939,重庆板块,BK0170
*ST金科,000656,重庆板块,BK0170
巨人网络,002558,重庆板块,BK0170
福安药业,300194,重庆板块,BK0170
重药控股,000950,重庆板块,BK0170
重庆路桥,600106,重庆板块,BK0170
川仪股份,603100,重庆板块,BK0170
溯联股份,301397,重庆板块,BK0170
渝农商行,601077,重庆板块,BK0170
新铝时代,301613,重庆板块,BK0170
莱美药业,300006,重庆板块,BK0170
中国汽研,601965,重庆板块,BK0170
重庆银行,601963,重庆板块,BK0170
顺博合金,002996,重庆板块,BK0170
望变电气,603191,重庆板块,BK0170
新安洁,920370,重庆板块,BK0170
中设咨询,920873,重庆板块,BK0170
三峰环境,601827,重庆板块,BK0170
威马农机,301533,重庆板块,BK0170
ST天圣,002872,重庆板块,BK0170
智翔金泰-U,688443,重庆板块,BK0170
*ST惠程,002168,重庆板块,BK0170
美心翼申,920833,重庆板块,BK0170
*ST中地,000736,重庆板块,BK0170
华森制药,002907,重庆板块,BK0170
登康口腔,001328,重庆板块,BK0170
*ST三圣,002742,重庆板块,BK0170
山外山,688410,重庆板块,BK0170
新大正,002968,重庆板块,BK0170
西南证券,600369,重庆板块,BK0170
四方新材,605122,重庆板块,BK0170
正川股份,603976,重庆板块,BK0170
涪陵榨菜,002507,重庆板块,BK0170
西山科技,688576,重庆板块,BK0170
康普化学,920033,重庆板块,BK0170
重庆港,600279,重庆板块,BK0170
瑜欣电子,301107,重庆板块,BK0170
万里股份,600847,重庆板块,BK0170
旺成科技,920896,重庆板块,BK0170
神驰机电,603109,重庆板块,BK0170
泓禧科技,920857,重庆板块,BK0170
重庆百货,600729,重庆板块,BK0170
鑫源智造,600615,重庆板块,BK0170
重庆啤酒,600132,重庆板块,BK0170
华邦健康,002004,重庆板块,BK0170
涪陵电力,600452,重庆板块,BK0170
三峡水利,600116,重庆板块,BK0170
渝 开 发,000514,重庆板块,BK0170
长安汽车,000625,重庆板块,BK0170
有友食品,603697,重庆板块,BK0170
重庆水务,601158,重庆板块,BK0170
天域生物,603717,重庆板块,BK0170
重庆燃气,600917,重庆板块,BK0170
三羊马,001317,重庆板块,BK0170
远达环保,600292,重庆板块,BK0170
渝三峡Ａ,000565,重庆板块,BK0170
博腾股份,300363,重庆板块,BK0170
再升科技,603601,重庆板块,BK0170
财信发展,000838,重庆板块,BK0170
百亚股份,003006,重庆板块,BK0170
太阳能,000591,重庆板块,BK0170
国际复材,301526,重庆板块,BK0170
长江材料,001296,重庆板块,BK0170
紫建电子,301121,重庆板块,BK0170
重庆钢铁,601005,重庆板块,BK0170
太极集团,600129,重庆板块,BK0170
梅安森,300275,重庆板块,BK0170
欢瑞世纪,000892,重庆板块,BK0170
宗申动力,001696,重庆板块,BK0170
蓝黛科技,002765,重庆板块,BK0170
隆鑫通用,603766,重庆板块,BK0170
秦安股份,603758,重庆板块,BK0170
智飞生物,300122,重庆板块,BK0170
千里科技,601777,重庆板块,BK0170
美利信,301307,重庆板块,BK0170
电科芯片,600877,重庆板块,BK0170
赛力斯,601127,重庆板块,BK0170
冰山冷热,000530,辽宁板块,BK0161
中广核技,000881,辽宁板块,BK0161
航锦科技,000818,辽宁板块,BK0161
七彩化学,300758,辽宁板块,BK0161
大连圣亚,600593,辽宁板块,BK0161
拓荆科技,688072,辽宁板块,BK0161
沈阳机床,000410,辽宁板块,BK0161
恒力石化,600346,辽宁板块,BK0161
中触媒,688267,辽宁板块,BK0161
鞍钢股份,000898,辽宁板块,BK0161
辽宁能源,600758,辽宁板块,BK0161
辽宁成大,600739,辽宁板块,BK0161
福鞍股份,603315,辽宁板块,BK0161
和展能源,000809,辽宁板块,BK0161
盖世食品,920826,辽宁板块,BK0161
桃李面包,603866,辽宁板块,BK0161
惠天热电,000692,辽宁板块,BK0161
*ST聆达,300125,辽宁板块,BK0161
辽港股份,601880,辽宁板块,BK0161
东北制药,000597,辽宁板块,BK0161
时代万恒,600241,辽宁板块,BK0161
德尔股份,300473,辽宁板块,BK0161
曙光股份,600303,辽宁板块,BK0161
圆通速递,600233,辽宁板块,BK0161
豪森智能,688529,辽宁板块,BK0161
春光智能,920810,辽宁板块,BK0161
ST沈化,000698,辽宁板块,BK0161
大商股份,600694,辽宁板块,BK0161
风光股份,301100,辽宁板块,BK0161
科德数控,688305,辽宁板块,BK0161
汇隆活塞,920455,辽宁板块,BK0161
獐子岛,002069,辽宁板块,BK0161
何氏眼科,301103,辽宁板块,BK0161
ST远智,002689,辽宁板块,BK0161
成大生物,688739,辽宁板块,BK0161
禾丰股份,603609,辽宁板块,BK0161
森远股份,300210,辽宁板块,BK0161
大连重工,002204,辽宁板块,BK0161
出版传媒,601999,辽宁板块,BK0161
东和新材,920792,辽宁板块,BK0161
百傲化学,603360,辽宁板块,BK0161
金辰股份,603396,辽宁板块,BK0161
ST智云,300097,辽宁板块,BK0161
凌钢股份,600231,辽宁板块,BK0161
大连友谊,000679,辽宁板块,BK0161
大连热电,600719,辽宁板块,BK0161
水发燃气,603318,辽宁板块,BK0161
鼎际得,603255,辽宁板块,BK0161
德迈仕,301007,辽宁板块,BK0161
连城数控,920368,辽宁板块,BK0161
宏远股份,920018,辽宁板块,BK0161
萃华珠宝,002731,辽宁板块,BK0161
本钢板材,000761,辽宁板块,BK0161
铁龙物流,600125,辽宁板块,BK0161
金凯生科,301509,辽宁板块,BK0161
华电辽能,600396,辽宁板块,BK0161
大连电瓷,002606,辽宁板块,BK0161
金杯汽车,600609,辽宁板块,BK0161
华锦股份,000059,辽宁板块,BK0161
申华控股,600653,辽宁板块,BK0161
*ST奥维,002231,辽宁板块,BK0161
亚世光电,002952,辽宁板块,BK0161
科隆股份,300405,辽宁板块,BK0161
锌业股份,000751,辽宁板块,BK0161
联美控股,600167,辽宁板块,BK0161
信德新材,301349,辽宁板块,BK0161
抚顺特钢,600399,辽宁板块,BK0161
中兴商业,000715,辽宁板块,BK0161
富创精密,688409,辽宁板块,BK0161
蓝英装备,300293,辽宁板块,BK0161
梦网科技,002123,辽宁板块,BK0161
兴齐眼药,300573,辽宁板块,BK0161
国电电力,600795,辽宁板块,BK0161
机器人,300024,辽宁板块,BK0161
芯源微,688037,辽宁板块,BK0161
天娱数科,002354,辽宁板块,BK0161
奥克股份,300082,辽宁板块,BK0161
东软集团,600718,辽宁板块,BK0161
达利凯普,301566,辽宁板块,BK0161
永杉锂业,603399,辽宁板块,BK0161
大金重工,002487,辽宁板块,BK0161
荣科科技,300290,辽宁板块,BK0161
神工股份,688233,辽宁板块,BK0161
海马汽车,000572,海南板块,BK0176
中钨高新,000657,海南板块,BK0176
金盘科技,688676,海南板块,BK0176
新大洲A,000571,海南板块,BK0176
洲际油气,600759,海南板块,BK0176
海峡股份,002320,海南板块,BK0176
海南海药,000566,海南板块,BK0176
欣龙控股,000955,海南板块,BK0176
ST华闻,000793,海南板块,BK0176
神农种业,300189,海南板块,BK0176
海汽集团,603069,海南板块,BK0176
*ST椰岛,600238,海南板块,BK0176
海南高速,000886,海南板块,BK0176
*ST双成,002693,海南板块,BK0176
ST葫芦娃,605199,海南板块,BK0176
广晟有色,600259,海南板块,BK0176
海德股份,000567,海南板块,BK0176
海南橡胶,601118,海南板块,BK0176
京粮控股,000505,海南板块,BK0176
海南矿业,601969,海南板块,BK0176
罗 牛 山,000735,海南板块,BK0176
海航控股,600221,海南板块,BK0176
凯撒旅业,000796,海南板块,BK0176
钧达股份,002865,海南板块,BK0176
康芝药业,300086,海南板块,BK0176
海南机场,600515,海南板块,BK0176
海南瑞泽,002596,海南板块,BK0176
新易盛,300502,四川板块,BK0169
茂业商业,600828,四川板块,BK0169
国机重装,601399,四川板块,BK0169
德龙汇能,000593,四川板块,BK0169
厚普股份,300471,四川板块,BK0169
佳缘科技,301117,四川板块,BK0169
利君股份,002651,四川板块,BK0169
药易购,300937,四川板块,BK0169
东方电气,600875,四川板块,BK0169
红旗连锁,002697,四川板块,BK0169
宏达股份,600331,四川板块,BK0169
迅游科技,300467,四川板块,BK0169
振芯科技,300101,四川板块,BK0169
汇源通信,000586,四川板块,BK0169
观想科技,301213,四川板块,BK0169
侨源股份,301286,四川板块,BK0169
富临运业,002357,四川板块,BK0169
钒钛股份,000629,四川板块,BK0169
中无人机,688297,四川板块,BK0169
明星电力,600101,四川板块,BK0169
华神科技,000790,四川板块,BK0169
ST创意,300366,四川板块,BK0169
帝欧水华,002798,四川板块,BK0169
中自科技,688737,四川板块,BK0169
浪莎股份,600137,四川板块,BK0169
四川金顶,600678,四川板块,BK0169
富森美,002818,四川板块,BK0169
川投能源,600674,四川板块,BK0169
大西洋,600558,四川板块,BK0169
利尔化学,002258,四川板块,BK0169
盟升电子,688311,四川板块,BK0169
兴蓉环境,000598,四川板块,BK0169
云图控股,002539,四川板块,BK0169
四川美丰,000731,四川板块,BK0169
欧林生物,688319,四川板块,BK0169
成电光信,920008,四川板块,BK0169
彩虹集团,003023,四川板块,BK0169
华体科技,603679,四川板块,BK0169
唐源电气,300789,四川板块,BK0169
倍益康,920199,四川板块,BK0169
*ST智胜,002253,四川板块,BK0169
浩物股份,000757,四川板块,BK0169
趣睡科技,301336,四川板块,BK0169
海创药业-U,688302,四川板块,BK0169
千禾味业,603027,四川板块,BK0169
天箭科技,002977,四川板块,BK0169
纵横股份,688070,四川板块,BK0169
瑞迪智驱,301596,四川板块,BK0169
迈克生物,300463,四川板块,BK0169
新乳业,002946,四川板块,BK0169
欧康医药,920230,四川板块,BK0169
秦川物联,688528,四川板块,BK0169
广安爱众,600979,四川板块,BK0169
泸天化,000912,四川板块,BK0169
中寰股份,920260,四川板块,BK0169
苑东生物,688513,四川板块,BK0169
开发科技,920029,四川板块,BK0169
*ST立航,603261,四川板块,BK0169
六九一二,301592,四川板块,BK0169
华图山鼎,300492,四川板块,BK0169
秉扬科技,920675,四川板块,BK0169
国光股份,002749,四川板块,BK0169
大宏立,300865,四川板块,BK0169
西昌电力,600505,四川板块,BK0169
运机集团,001288,四川板块,BK0169
瑞奇智造,920781,四川板块,BK0169
乐创技术,920425,四川板块,BK0169
优机股份,920943,四川板块,BK0169
达威股份,300535,四川板块,BK0169
交大铁发,920027,四川板块,BK0169
中密控股,300470,四川板块,BK0169
新华文轩,601811,四川板块,BK0169
汇宇制药-W,688553,四川板块,BK0169
海特高新,002023,四川板块,BK0169
*ST天微,688511,四川板块,BK0169
康弘药业,002773,四川板块,BK0169
中建环能,300425,四川板块,BK0169
普瑞眼科,301239,四川板块,BK0169
盛帮股份,301233,四川板块,BK0169
天邑股份,300504,四川板块,BK0169
港通医疗,301515,四川板块,BK0169
金时科技,002951,四川板块,BK0169
安宁股份,002978,四川板块,BK0169
山高环能,000803,四川板块,BK0169
中科信息,300678,四川板块,BK0169
成都华微,688709,四川板块,BK0169
天味食品,603317,四川板块,BK0169
智明达,688636,四川板块,BK0169
宜宾纸业,600793,四川板块,BK0169
乐山电力,600644,四川板块,BK0169
成都燃气,603053,四川板块,BK0169
长虹能源,920239,四川板块,BK0169
海天股份,603759,四川板块,BK0169
佳驰科技,688708,四川板块,BK0169
川网传媒,300987,四川板块,BK0169
旭光电子,600353,四川板块,BK0169
康华生物,300841,四川板块,BK0169
运达科技,300440,四川板块,BK0169
豪能股份,603809,四川板块,BK0169
升达林业,002259,四川板块,BK0169
歌尔股份,002241,山东板块,BK0164
海尔智家,600690,山东板块,BK0164
丰元股份,002805,山东板块,BK0164
浪潮软件,600756,山东板块,BK0164
金能科技,603113,山东板块,BK0164
西王食品,000639,山东板块,BK0164
胜利股份,000407,山东板块,BK0164
东港股份,002117,山东板块,BK0164
中孚信息,300659,山东板块,BK0164
华鲁恒升,600426,山东板块,BK0164
睿创微纳,688002,山东板块,BK0164
史丹利,002588,山东板块,BK0164
海信视像,600060,山东板块,BK0164
隆基机械,002363,山东板块,BK0164
圣泉集团,605589,山东板块,BK0164
ST联创,300343,山东板块,BK0164
万润股份,002643,山东板块,BK0164
东方海洋,002086,山东板块,BK0164
鲁信创投,600783,山东板块,BK0164
山东黄金,600547,山东板块,BK0164
玲珑轮胎,601966,山东板块,BK0164
森麒麟,002984,山东板块,BK0164
山推股份,000680,山东板块,BK0164
坤泰股份,001260,山东板块,BK0164
荣昌生物,688331,山东板块,BK0164
三维化学,002469,山东板块,BK0164
瑞康医药,002589,山东板块,BK0164
赛轮轮胎,601058,山东板块,BK0164
青岛港,601298,山东板块,BK0164
华丰股份,605100,山东板块,BK0164
山东高速,600350,山东板块,BK0164
胜通能源,001331,山东板块,BK0164
东诚药业,002675,山东板块,BK0164
华仁药业,300110,山东板块,BK0164
漱玉平民,301017,山东板块,BK0164
山东威达,002026,山东板块,BK0164
雅博股份,002323,山东板块,BK0164
*ST荣控,000668,山东板块,BK0164
兖矿能源,600188,山东板块,BK0164
国新健康,000503,山东板块,BK0164
宏盛华源,601096,山东板块,BK0164
冠中生态,300948,山东板块,BK0164
海联金汇,002537,山东板块,BK0164
龙泉股份,002671,山东板块,BK0164
鼎信通讯,603421,山东板块,BK0164
华熙生物,688363,山东板块,BK0164
汇金通,603577,山东板块,BK0164
天润工业,002283,山东板块,BK0164
东方铁塔,002545,山东板块,BK0164
汉缆股份,002498,山东板块,BK0164
如意集团,002193,山东板块,BK0164
艾迪精密,603638,山东板块,BK0164
海泰科,301022,山东板块,BK0164
青岛银行,002948,山东板块,BK0164
伟隆股份,002871,山东板块,BK0164
海尔生物,688139,山东板块,BK0164
联合化学,301209,山东板块,BK0164
道恩股份,002838,山东板块,BK0164
金帝股份,603270,山东板块,BK0164
新北洋,002376,山东板块,BK0164
凯盛新材,301069,山东板块,BK0164
济高发展,600807,山东板块,BK0164
英派斯,002899,山东板块,BK0164
大业股份,603278,山东板块,BK0164
康欣新材,600076,山东板块,BK0164
盘古智能,301456,山东板块,BK0164
通裕重工,300185,山东板块,BK0164
ST华鹏,603021,山东板块,BK0164
景津装备,603279,山东板块,BK0164
国恩股份,002768,山东板块,BK0164
*ST新潮,600777,山东板块,BK0164
三祥科技,920195,山东板块,BK0164
三角轮胎,601163,山东板块,BK0164
鲁西化工,000830,山东板块,BK0164
ST雪发,002485,山东板块,BK0164
联诚精密,002921,山东板块,BK0164
沃华医药,002107,山东板块,BK0164
兴民智通,002355,山东板块,BK0164
先达股份,603086,山东板块,BK0164
兰剑智能,688557,山东板块,BK0164
华电国际,600027,山东板块,BK0164
泰凯英,920020,山东板块,BK0164
信通电子,001388,山东板块,BK0164
赛托生物,300583,山东板块,BK0164
联科科技,001207,山东板块,BK0164
百龙创园,605016,山东板块,BK0164
山东海化,000822,山东板块,BK0164
智新电子,920212,山东板块,BK0164
山东出版,601019,山东板块,BK0164
山东钢铁,600022,山东板块,BK0164
弘宇股份,002890,山东板块,BK0164
英科再生,688087,山东板块,BK0164
滨化股份,601678,山东板块,BK0164
恒通股份,603223,山东板块,BK0164
华纺股份,600448,山东板块,BK0164
中创股份,688695,山东板块,BK0164
泓淋电力,301439,山东板块,BK0164
青达环保,688501,山东板块,BK0164
奥福科技,688021,山东板块,BK0164
山东矿机,002526,山东板块,BK0164
万向钱潮,000559,浙江板块,BK0172
信息发展,300469,浙江板块,BK0172
创新医疗,002173,浙江板块,BK0172
臻镭科技,688270,浙江板块,BK0172
宁波富达,600724,浙江板块,BK0172
亿利达,002686,浙江板块,BK0172
均胜电子,600699,浙江板块,BK0172
杉杉股份,600884,浙江板块,BK0172
百合花,603823,浙江板块,BK0172
三维通信,002115,浙江板块,BK0172
德业股份,605117,浙江板块,BK0172
航天彩虹,002389,浙江板块,BK0172
杭氧股份,002430,浙江板块,BK0172
精工科技,002006,浙江板块,BK0172
思创医惠,300078,浙江板块,BK0172
长川科技,300604,浙江板块,BK0172
道明光学,002632,浙江板块,BK0172
斯菱股份,301550,浙江板块,BK0172
宁波色母,301019,浙江板块,BK0172
兆龙互连,300913,浙江板块,BK0172
新亚电子,605277,浙江板块,BK0172
华鼎股份,601113,浙江板块,BK0172
奇精机械,603677,浙江板块,BK0172
思美传媒,002712,浙江板块,BK0172
衢州发展,600208,浙江板块,BK0172
*ST铖昌,001270,浙江板块,BK0172
海象新材,003011,浙江板块,BK0172
税友股份,603171,浙江板块,BK0172
德马科技,688360,浙江板块,BK0172
中国巨石,600176,浙江板块,BK0172
蓝特光学,688127,浙江板块,BK0172
荣盛石化,002493,浙江板块,BK0172
众合科技,000925,浙江板块,BK0172
中润光学,688307,浙江板块,BK0172
宁波银行,002142,浙江板块,BK0172
永和智控,002795,浙江板块,BK0172
森马服饰,002563,浙江板块,BK0172
浙江鼎力,603338,浙江板块,BK0172
源飞宠物,001222,浙江板块,BK0172
天龙股份,603266,浙江板块,BK0172
云中马,603130,浙江板块,BK0172
浙江永强,002489,浙江板块,BK0172
祖名股份,003030,浙江板块,BK0172
激智科技,300566,浙江板块,BK0172
广立微,301095,浙江板块,BK0172
银轮股份,002126,浙江板块,BK0172
小商品城,600415,浙江板块,BK0172
海 利 得,002206,浙江板块,BK0172
爱柯迪,600933,浙江板块,BK0172
杭州柯林,688611,浙江板块,BK0172
华谊兄弟,300027,浙江板块,BK0172
景兴纸业,002067,浙江板块,BK0172
万里扬,002434,浙江板块,BK0172
水晶光电,002273,浙江板块,BK0172
金卡智能,300349,浙江板块,BK0172
大地海洋,301068,浙江板块,BK0172
浙能电力,600023,浙江板块,BK0172
伟星新材,002372,浙江板块,BK0172
金沃股份,300984,浙江板块,BK0172
瑞晟智能,688215,浙江板块,BK0172
和泰机电,001225,浙江板块,BK0172
杭州高新,300478,浙江板块,BK0172
星源卓镁,301398,浙江板块,BK0172
莎普爱思,603168,浙江板块,BK0172
甬矽电子,688362,浙江板块,BK0172
米奥会展,300795,浙江板块,BK0172
法狮龙,605318,浙江板块,BK0172
华旺科技,605377,浙江板块,BK0172
萤石网络,688475,浙江板块,BK0172
天山铝业,002532,浙江板块,BK0172
滨江集团,002244,浙江板块,BK0172
百诚医药,301096,浙江板块,BK0172
万马科技,300698,浙江板块,BK0172
梦天家居,603216,浙江板块,BK0172
开创电气,301448,浙江板块,BK0172
金龙机电,300032,浙江板块,BK0172
浙文互联,600986,浙江板块,BK0172
中坚科技,002779,浙江板块,BK0172
天铁科技,300587,浙江板块,BK0172
荣安地产,000517,浙江板块,BK0172
思看科技,688583,浙江板块,BK0172
艾罗能源,688717,浙江板块,BK0172
中策橡胶,603049,浙江板块,BK0172
浙江震元,000705,浙江板块,BK0172
万隆光电,300710,浙江板块,BK0172
晨丰科技,603685,浙江板块,BK0172
华瑞股份,300626,浙江板块,BK0172
品茗科技,688109,浙江板块,BK0172
贝达药业,300558,浙江板块,BK0172
广博股份,002103,浙江板块,BK0172
宁波东力,002164,浙江板块,BK0172
大明电子,603376,浙江板块,BK0172
台华新材,603055,浙江板块,BK0172
联德股份,605060,浙江板块,BK0172
巨星科技,002444,浙江板块,BK0172
东方电缆,603606,浙江板块,BK0172
麒盛科技,603610,浙江板块,BK0172
星华新材,301077,浙江板块,BK0172
仙鹤股份,603733,浙江板块,BK0172
英特集团,000411,浙江板块,BK0172
华天科技,002185,甘肃板块,BK0152
新里程,002219,甘肃板块,BK0152
甘肃能化,000552,甘肃板块,BK0152
莫高股份,600543,甘肃板块,BK0152
敦煌种业,600354,甘肃板块,BK0152
金徽股份,603132,甘肃板块,BK0152
长城电工,600192,甘肃板块,BK0152
兰州银行,001227,甘肃板块,BK0152
蓝科高新,601798,甘肃板块,BK0152
佛慈制药,002644,甘肃板块,BK0152
甘咨询,000779,甘肃板块,BK0152
*ST金刚,300093,甘肃板块,BK0152
丽尚国潮,600738,甘肃板块,BK0152
*ST兰黄,000929,甘肃板块,BK0152
皇台酒业,000995,甘肃板块,BK0152
庄园牧场,002910,甘肃板块,BK0152
海默科技,300084,甘肃板块,BK0152
中交设计,600720,甘肃板块,BK0152
酒钢宏兴,600307,甘肃板块,BK0152
*ST亚太,000691,甘肃板块,BK0152
大禹节水,300021,甘肃板块,BK0152
金徽酒,603919,甘肃板块,BK0152
国芳集团,601086,甘肃板块,BK0152
众兴菌业,002772,甘肃板块,BK0152
亚盛集团,600108,甘肃板块,BK0152
陇神戎发,300534,甘肃板块,BK0152
上峰水泥,000672,甘肃板块,BK0152
甘肃能源,000791,甘肃板块,BK0152
钛能化学,002145,甘肃板块,BK0152
读者传媒,603999,甘肃板块,BK0152
兰石重装,603169,甘肃板块,BK0152
方大炭素,600516,甘肃板块,BK0152
白银有色,601212,甘肃板块,BK0152
山子高科,000981,甘肃板块,BK0152
引力传媒,603598,北京板块,BK0150
中国电信,601728,北京板块,BK0150
赛微电子,300456,北京板块,BK0150
中石科技,300684,北京板块,BK0150
四方股份,601126,北京板块,BK0150
福石控股,300071,北京板块,BK0150
海兰信,300065,北京板块,BK0150
凌云光,688400,北京板块,BK0150
中信建投,601066,北京板块,BK0150
华软科技,002453,北京板块,BK0150
三一重工,600031,北京板块,BK0150
中国石化,600028,北京板块,BK0150
东方雨虹,002271,北京板块,BK0150
华胜天成,600410,北京板块,BK0150
寒武纪-U,688256,北京板块,BK0150
美芯晟,688458,北京板块,BK0150
值得买,300785,北京板块,BK0150
航天信息,600271,北京板块,BK0150
中国中车,601766,北京板块,BK0150
首开股份,600376,北京板块,BK0150
中国联通,600050,北京板块,BK0150
中国海防,600764,北京板块,BK0150
中国人寿,601628,北京板块,BK0150
中信银行,601998,北京板块,BK0150
北汽蓝谷,600733,北京板块,BK0150
中科星图,688568,北京板块,BK0150
久其软件,002279,北京板块,BK0150
中国石油,601857,北京板块,BK0150
华新环保,301265,北京板块,BK0150
热景生物,688068,北京板块,BK0150
大唐电信,600198,北京板块,BK0150
中国建筑,601668,北京板块,BK0150
必创科技,300667,北京板块,BK0150
汉仪股份,301270,北京板块,BK0150
北巴传媒,600386,北京板块,BK0150
航天长峰,600855,北京板块,BK0150
石头科技,688169,北京板块,BK0150
华宇软件,300271,北京板块,BK0150
博彦科技,002649,北京板块,BK0150
燕京啤酒,000729,北京板块,BK0150
中科海讯,300810,北京板块,BK0150
新雷能,300593,北京板块,BK0150
汉王科技,002362,北京板块,BK0150
海天瑞声,688787,北京板块,BK0150
三博脑科,301293,北京板块,BK0150
北斗星通,002151,北京板块,BK0150
星网宇达,002829,北京板块,BK0150
双鹭药业,002038,北京板块,BK0150
长江电力,600900,北京板块,BK0150
中国国航,601111,北京板块,BK0150
神州高铁,000008,北京板块,BK0150
首钢股份,000959,北京板块,BK0150
航天工程,603698,北京板块,BK0150
华夏银行,600015,北京板块,BK0150
诚益通,300430,北京板块,BK0150
能科科技,603859,北京板块,BK0150
神州细胞,688520,北京板块,BK0150
华创云信,600155,北京板块,BK0150
京沪高铁,601816,北京板块,BK0150
正元地信,688509,北京板块,BK0150
鼎汉技术,300011,北京板块,BK0150
铜牛信息,300895,北京板块,BK0150
北方国际,000065,北京板块,BK0150
中国神华,601088,北京板块,BK0150
超图软件,300036,北京板块,BK0150
中航机载,600372,北京板块,BK0150
曙光数创,920808,北京板块,BK0150
百纳千成,300291,北京板块,BK0150
顺鑫农业,000860,北京板块,BK0150
北新建材,000786,北京板块,BK0150
豪尔赛,002963,北京板块,BK0150
北方华创,002371,北京板块,BK0150
金诚信,603979,北京板块,BK0150
四维图新,002405,北京板块,BK0150
诺思兰德,920047,北京板块,BK0150
中煤能源,601898,北京板块,BK0150
首旅酒店,600258,北京板块,BK0150
慧辰股份,688500,北京板块,BK0150
太极股份,002368,北京板块,BK0150
金 融 街,000402,北京板块,BK0150
百邦科技,300736,北京板块,BK0150
东方园林,002310,北京板块,BK0150
中国核电,601985,北京板块,BK0150
国投电力,600886,北京板块,BK0150
奇安信-U,688561,北京板块,BK0150
致远互联,688369,北京板块,BK0150
国能日新,301162,北京板块,BK0150
盛达资源,000603,北京板块,BK0150
理工导航,688282,北京板块,BK0150
京能电力,600578,北京板块,BK0150
*ST云网,002306,北京板块,BK0150
森特股份,603098,北京板块,BK0150
国药股份,600511,北京板块,BK0150
中国人保,601319,北京板块,BK0150
昊创瑞通,301668,北京板块,BK0150
科锐国际,300662,北京板块,BK0150
竞业达,003005,北京板块,BK0150
三夫户外,002780,北京板块,BK0150
富吉瑞,688272,北京板块,BK0150
万集科技,300552,北京板块,BK0150
工业富联,601138,广东板块,BK0153
胜宏科技,300476,广东板块,BK0153
立讯精密,002475,广东板块,BK0153
比亚迪,002594,广东板块,BK0153
传音控股,688036,广东板块,BK0153
世联行,002285,广东板块,BK0153
生益电子,688183,广东板块,BK0153
联建光电,300269,广东板块,BK0153
佰维存储,688525,广东板块,BK0153
美的集团,000333,广东板块,BK0153
海王生物,000078,广东板块,BK0153
信维通信,300136,广东板块,BK0153
海鸥住工,002084,广东板块,BK0153
中船防务,600685,广东板块,BK0153
齐心集团,002301,广东板块,BK0153
朝阳科技,002981,广东板块,BK0153
生益科技,600183,广东板块,BK0153
江龙船艇,300589,广东板块,BK0153
影石创新,688775,广东板块,BK0153
中旗新材,001212,广东板块,BK0153
景旺电子,603228,广东板块,BK0153
星源材质,300568,广东板块,BK0153
中富电路,300814,广东板块,BK0153
海目星,688559,广东板块,BK0153
兴森科技,002436,广东板块,BK0153
汇川技术,300124,广东板块,BK0153
菲菱科思,301191,广东板块,BK0153
奥飞娱乐,002292,广东板块,BK0153
绿岛风,301043,广东板块,BK0153
有方科技,688159,广东板块,BK0153
普路通,002769,广东板块,BK0153
联合光电,300691,广东板块,BK0153
银禧科技,300221,广东板块,BK0153
海格通信,002465,广东板块,BK0153
天龙集团,300063,广东板块,BK0153
东箭科技,300978,广东板块,BK0153
金地集团,600383,广东板块,BK0153
迈瑞医疗,300760,广东板块,BK0153
小崧股份,002723,广东板块,BK0153
金新农,002548,广东板块,BK0153
通宇通讯,002792,广东板块,BK0153
华鹏飞,300350,广东板块,BK0153
四会富仕,300852,广东板块,BK0153
海大集团,002311,广东板块,BK0153
盛路通信,002446,广东板块,BK0153
精智达,688627,广东板块,BK0153
好莱客,603898,广东板块,BK0153
唯特偶,301319,广东板块,BK0153
神州数码,000034,广东板块,BK0153
飞荣达,300602,广东板块,BK0153
高乐股份,002348,广东板块,BK0153
英唐智控,300131,广东板块,BK0153
鼎泰高科,301377,广东板块,BK0153
天元股份,003003,广东板块,BK0153
博硕科技,300951,广东板块,BK0153
格林精密,300968,广东板块,BK0153
特发信息,000070,广东板块,BK0153
华阳集团,002906,广东板块,BK0153
新城市,300778,广东板块,BK0153
翔鹭钨业,002842,广东板块,BK0153
伊戈尔,002922,广东板块,BK0153
广深铁路,601333,广东板块,BK0153
珠江啤酒,002461,广东板块,BK0153
华侨城Ａ,000069,广东板块,BK0153
矽电股份,301629,广东板块,BK0153
集泰股份,002909,广东板块,BK0153
联赢激光,688518,广东板块,BK0153
金富科技,003018,广东板块,BK0153
一品红,300723,广东板块,BK0153
温氏股份,300498,广东板块,BK0153
珠海冠宇,688772,广东板块,BK0153
金钟股份,301133,广东板块,BK0153
TCL智家,002668,广东板块,BK0153
万里马,300591,广东板块,BK0153
勤上股份,002638,广东板块,BK0153
炬芯科技,688049,广东板块,BK0153
三孚新科,688359,广东板块,BK0153
怡合达,301029,广东板块,BK0153
嘉元科技,688388,广东板块,BK0153
欧派家居,603833,广东板块,BK0153
安凯微,688620,广东板块,BK0153
科创新源,300731,广东板块,BK0153
奥拓电子,002587,广东板块,BK0153
ST中青宝,300052,广东板块,BK0153
德方纳米,300769,广东板块,BK0153
全新好,000007,广东板块,BK0153
深南电路,002916,广东板块,BK0153
新宏泽,002836,广东板块,BK0153
同洲电子,002052,广东板块,BK0153
宏景科技,301396,广东板块,BK0153
青木科技,301110,广东板块,BK0153
慕思股份,001323,广东板块,BK0153
新益昌,688383,广东板块,BK0153
奥尼电子,301189,广东板块,BK0153
亚钾国际,000893,广东板块,BK0153
万和电气,002543,广东板块,BK0153
杰普特,688025,广东板块,BK0153
韶能股份,000601,广东板块,BK0153
新宝股份,002705,广东板块,BK0153
方邦股份,688020,广东板块,BK0153
万润新能,688275,湖北板块,BK0157
航天电子,600879,湖北板块,BK0157
长江通信,600345,湖北板块,BK0157
久之洋,300516,湖北板块,BK0157
禾元生物-U,688765,湖北板块,BK0157
超颖电子,603175,湖北板块,BK0157
华工科技,000988,湖北板块,BK0157
台基股份,300046,湖北板块,BK0157
祥源新材,300980,湖北板块,BK0157
联特科技,301205,湖北板块,BK0157
兴发集团,600141,湖北板块,BK0157
兴图新科,688081,湖北板块,BK0157
京山轻机,000821,湖北板块,BK0157
*ST南置,002305,湖北板块,BK0157
百川能源,600681,湖北板块,BK0157
*ST精伦,600355,湖北板块,BK0157
精测电子,300567,湖北板块,BK0157
康农种业,920403,湖北板块,BK0157
长盈通,688143,湖北板块,BK0157
锐科激光,300747,湖北板块,BK0157
久量股份,300808,湖北板块,BK0157
凤凰航运,000520,湖北板块,BK0157
九州通,600998,湖北板块,BK0157
一致魔芋,920273,湖北板块,BK0157
均瑶健康,605388,湖北板块,BK0157
*ST华嵘,600421,湖北板块,BK0157
五方光电,002962,湖北板块,BK0157
光庭信息,301221,湖北板块,BK0157
国创高新,002377,湖北板块,BK0157
ST尔雅,600107,湖北板块,BK0157
富邦科技,300387,湖北板块,BK0157
*ST美谷,000615,湖北板块,BK0157
中元股份,300018,湖北板块,BK0157
武商集团,000501,湖北板块,BK0157
安道麦A,000553,湖北板块,BK0157
武汉控股,600168,湖北板块,BK0157
力佳科技,920237,湖北板块,BK0157
凯瑞德,002072,湖北板块,BK0157
嘉必优,688089,湖北板块,BK0157
三特索道,002159,湖北板块,BK0157
四方光电,688665,湖北板块,BK0157
和远气体,002971,湖北板块,BK0157
华中数控,300161,湖北板块,BK0157
济川药业,600566,湖北板块,BK0157
泰祥股份,301192,湖北板块,BK0157
共同药业,300966,湖北板块,BK0157
楚天高速,600035,湖北板块,BK0157
华阳变速,920146,湖北板块,BK0157
宏海科技,920108,湖北板块,BK0157
广济药业,000952,湖北板块,BK0157
*ST天喻,300205,湖北板块,BK0157
平安电工,001359,湖北板块,BK0157
恒进感应,920870,湖北板块,BK0157
ST逸飞,688646,湖北板块,BK0157
武汉蓝电,920779,湖北板块,BK0157
汉商集团,600774,湖北板块,BK0157
港迪技术,301633,湖北板块,BK0157
福星股份,000926,湖北板块,BK0157
湖北能源,000883,湖北板块,BK0157
明德生物,002932,湖北板块,BK0157
微创光电,920198,湖北板块,BK0157
双环科技,000707,湖北板块,BK0157
恒立钻具,920942,湖北板块,BK0157
顾地科技,002694,湖北板块,BK0157
海波重科,300517,湖北板块,BK0157
良品铺子,603719,湖北板块,BK0157
科前生物,688526,湖北板块,BK0157
长源东谷,603950,湖北板块,BK0157
湖北广电,000665,湖北板块,BK0157
华新建材,600801,湖北板块,BK0157
XD开特股,920978,湖北板块,BK0157
长江证券,000783,湖北板块,BK0157
中科通达,688038,湖北板块,BK0157
华强科技,688151,湖北板块,BK0157
凯龙股份,002783,湖北板块,BK0157
理工光科,300557,湖北板块,BK0157
江瀚新材,603281,湖北板块,BK0157
宏裕包材,920274,湖北板块,BK0157
东风股份,600006,湖北板块,BK0157
长源电力,000966,湖北板块,BK0157
菱电电控,688667,湖北板块,BK0157
帝尔激光,300776,湖北板块,BK0157
ST明诚,600136,湖北板块,BK0157
农尚环境,300536,湖北板块,BK0157
海特生物,300683,湖北板块,BK0157
ST应急,300527,湖北板块,BK0157
华康洁净,301235,湖北板块,BK0157
奥美医疗,002950,湖北板块,BK0157
航天南湖,688552,湖北板块,BK0157
路德科技,688156,湖北板块,BK0157
健民集团,600976,湖北板块,BK0157
回盛生物,300871,湖北板块,BK0157
九菱科技,920505,湖北板块,BK0157
启迪环境,000826,湖北板块,BK0157
东贝集团,601956,湖北板块,BK0157
能特科技,002102,湖北板块,BK0157
泰晶科技,603738,湖北板块,BK0157
华昌达,300278,湖北板块,BK0157
骆驼股份,601311,湖北板块,BK0157
力源信息,300184,湖北板块,BK0157
航天机电,600151,上海板块,BK0145
中国船舶,600150,上海板块,BK0145
超捷股份,301005,上海板块,BK0145
天海防务,300008,上海板块,BK0145
龙旗科技,603341,上海板块,BK0145
豪威集团,603501,上海板块,BK0145
环旭电子,601231,上海板块,BK0145
泰胜风能,300129,上海板块,BK0145
新世界,600628,上海板块,BK0145
上汽集团,600104,上海板块,BK0145
沪硅产业,688126,上海板块,BK0145
上纬新材,688585,上海板块,BK0145
亚士创能,603378,上海板块,BK0145
分众传媒,002027,上海板块,BK0145
彤程新材,603650,上海板块,BK0145
南亚新材,688519,上海板块,BK0145
大众交通,600611,上海板块,BK0145
晶华新材,603683,上海板块,BK0145
宏和科技,603256,上海板块,BK0145
概伦电子,688206,上海板块,BK0145
思源电气,002028,上海板块,BK0145
上海瀚讯,300762,上海板块,BK0145
晶晨股份,688099,上海板块,BK0145
浦发银行,600000,上海板块,BK0145
中微公司,688012,上海板块,BK0145
鼎捷数智,300378,上海板块,BK0145
华培动力,603121,上海板块,BK0145
华勤技术,603296,上海板块,BK0145
凯众股份,603037,上海板块,BK0145
悦心健康,002162,上海板块,BK0145
建发致新,301584,上海板块,BK0145
星环科技-U,688031,上海板块,BK0145
优刻得-W,688158,上海板块,BK0145
龙头股份,600630,上海板块,BK0145
华测导航,300627,上海板块,BK0145
上海沪工,603131,上海板块,BK0145
晨光股份,603899,上海板块,BK0145
海希通讯,920405,上海板块,BK0145
同济科技,600846,上海板块,BK0145
翱捷科技-U,688220,上海板块,BK0145
浦东建设,600284,上海板块,BK0145
和辉光电-U,688538,上海板块,BK0145
华平股份,300074,上海板块,BK0145
华域汽车,600741,上海板块,BK0145
上海银行,601229,上海板块,BK0145
上海新阳,300236,上海板块,BK0145
交运股份,600676,上海板块,BK0145
飞凯材料,300398,上海板块,BK0145
维科精密,301499,上海板块,BK0145
东航物流,601156,上海板块,BK0145
锦江在线,600650,上海板块,BK0145
海顺新材,300501,上海板块,BK0145
龙韵股份,603729,上海板块,BK0145
友升股份,603418,上海板块,BK0145
日播时尚,603196,上海板块,BK0145
汇纳科技,300609,上海板块,BK0145
南芯科技,688484,上海板块,BK0145
保隆科技,603197,上海板块,BK0145
德必集团,300947,上海板块,BK0145
长江投资,600119,上海板块,BK0145
开开实业,600272,上海板块,BK0145
海融科技,300915,上海板块,BK0145
元祖股份,603886,上海板块,BK0145
首华燃气,300483,上海板块,BK0145
丽人丽妆,605136,上海板块,BK0145
天洋新材,603330,上海板块,BK0145
科博达,603786,上海板块,BK0145
荣泰健康,603579,上海板块,BK0145
海欣股份,600851,上海板块,BK0145
儒竞科技,301525,上海板块,BK0145
微电生理,688351,上海板块,BK0145
毕得医药,688073,上海板块,BK0145
华峰铝业,601702,上海板块,BK0145
*ST艾艾,603580,上海板块,BK0145
市北高新,600604,上海板块,BK0145
建元信托,600816,上海板块,BK0145
城投控股,600649,上海板块,BK0145
艾融软件,920799,上海板块,BK0145
力盛体育,002858,上海板块,BK0145
爱婴室,603214,上海板块,BK0145
澳华内镜,688212,上海板块,BK0145
第一医药,600833,上海板块,BK0145
锦江酒店,600754,上海板块,BK0145
绿地控股,600606,上海板块,BK0145
安诺其,300067,上海板块,BK0145
广电电气,601616,上海板块,BK0145
南侨食品,605339,上海板块,BK0145
天宸股份,600620,上海板块,BK0145
光明地产,600708,上海板块,BK0145
东方创业,600278,上海板块,BK0145
三湘印象,000863,上海板块,BK0145
巴兰仕,920112,上海板块,BK0145
三友医疗,688085,上海板块,BK0145
新朋股份,002328,上海板块,BK0145
电科数字,600850,上海板块,BK0145
申通地铁,600834,上海板块,BK0145
华荣股份,603855,上海板块,BK0145
兰卫医学,301060,上海板块,BK0145
能辉科技,301046,上海板块,BK0145
开能健康,300272,上海板块,BK0145
内蒙华电,600863,内蒙古,BK0175
山金国际,000975,内蒙古,BK0175
鄂尔多斯,600295,内蒙古,BK0175
华资实业,600191,内蒙古,BK0175
蒙草生态,300355,内蒙古,BK0175
金河生物,002688,内蒙古,BK0175
英思特,301622,内蒙古,BK0175
内蒙新华,603230,内蒙古,BK0175
骑士乳业,920786,内蒙古,BK0175
大唐药业,920433,内蒙古,BK0175
金煤科技,600844,内蒙古,BK0175
福瑞股份,300049,内蒙古,BK0175
东宝生物,300239,内蒙古,BK0175
北方股份,600262,内蒙古,BK0175
天和磁材,603072,内蒙古,BK0175
伊利股份,600887,内蒙古,BK0175
欧晶科技,001269,内蒙古,BK0175
生物股份,600201,内蒙古,BK0175
君正集团,601216,内蒙古,BK0175
中盐化工,600328,内蒙古,BK0175
博源化工,000683,内蒙古,BK0175
内蒙一机,600967,内蒙古,BK0175
电投能源,002128,内蒙古,BK0175
赤峰黄金,600988,内蒙古,BK0175
包钢股份,600010,内蒙古,BK0175
大中矿业,001203,内蒙古,BK0175
兴业银锡,000426,内蒙古,BK0175
北方稀土,600111,内蒙古,BK0175
亚光科技,300123,湖南板块,BK0158
湖南裕能,301358,湖南板块,BK0158
蓝思科技,300433,湖南板块,BK0158
国科微,300672,湖南板块,BK0158
美湖股份,603319,湖南板块,BK0158
凯美特气,002549,湖南板块,BK0158
湘潭电化,002125,湖南板块,BK0158
中联重科,000157,湖南板块,BK0158
新五丰,600975,湖南板块,BK0158
大湖股份,600257,湖南板块,BK0158
五新隧装,920174,湖南板块,BK0158
湖南投资,000548,湖南板块,BK0158
宏达电子,300726,湖南板块,BK0158
华纳药厂,688799,湖南板块,BK0158
天桥起重,002523,湖南板块,BK0158
尔康制药,300267,湖南板块,BK0158
益丰药房,603939,湖南板块,BK0158
华天酒店,000428,湖南板块,BK0158
达嘉维康,301126,湖南板块,BK0158
南新制药,688189,湖南板块,BK0158
*ST高斯,002848,湖南板块,BK0158
金博股份,688598,湖南板块,BK0158
ST加加,002650,湖南板块,BK0158
铁建重工,688425,湖南板块,BK0158
爱威科技,688067,湖南板块,BK0158
飞沃科技,301232,湖南板块,BK0158
华光源海,920351,湖南板块,BK0158
湖南发展,000722,湖南板块,BK0158
郴电国际,600969,湖南板块,BK0158
道道全,002852,湖南板块,BK0158
湖南海利,600731,湖南板块,BK0158
长高电新,002452,湖南板块,BK0158
ST绝味,603517,湖南板块,BK0158
华菱线缆,001208,湖南板块,BK0158
欧科亿,688308,湖南板块,BK0158
湘邮科技,600476,湖南板块,BK0158
岳阳林纸,600963,湖南板块,BK0158
威领股份,002667,湖南板块,BK0158
通程控股,000419,湖南板块,BK0158
*ST佳沃,300268,湖南板块,BK0158
ST金鸿,000669,湖南板块,BK0158
长缆科技,002879,湖南板块,BK0158
奥士康,002913,湖南板块,BK0158
力合科技,300800,湖南板块,BK0158
德众汽车,920030,湖南板块,BK0158
永达股份,001239,湖南板块,BK0158
泰嘉股份,002843,湖南板块,BK0158
崇德科技,301548,湖南板块,BK0158
艾华集团,603989,湖南板块,BK0158
华升股份,600156,湖南板块,BK0158
永清环保,300187,湖南板块,BK0158
可孚医疗,301087,湖南板块,BK0158
邵阳液压,301079,湖南板块,BK0158
中南传媒,601098,湖南板块,BK0158
ST华扬,603825,湖南板块,BK0158
长沙银行,601577,湖南板块,BK0158
丽臣实业,001218,湖南板块,BK0158
正虹科技,000702,湖南板块,BK0158
航天环宇,688523,湖南板块,BK0158
易普力,002096,湖南板块,BK0158
*ST生物,000504,湖南板块,BK0158
赛恩斯,688480,湖南板块,BK0158
*ST天择,603721,湖南板块,BK0158
ST开元,300338,湖南板块,BK0158
新威凌,920634,湖南板块,BK0158
盐津铺子,002847,湖南板块,BK0158
麒麟信安,688152,湖南板块,BK0158
华民股份,300345,湖南板块,BK0158
三德科技,300515,湖南板块,BK0158
千金药业,600479,湖南板块,BK0158
启迪药业,000590,湖南板块,BK0158
克明食品,002661,湖南板块,BK0158
劲仔食品,003000,湖南板块,BK0158
华瓷股份,001216,湖南板块,BK0158
湘佳股份,002982,湖南板块,BK0158
惠同新材,920751,湖南板块,BK0158
金健米业,600127,湖南板块,BK0158
*ST熊猫,600599,湖南板块,BK0158
圣湘生物,688289,湖南板块,BK0158
老百姓,603883,湖南板块,BK0158
飞鹿股份,300665,湖南板块,BK0158
威胜信息,688100,湖南板块,BK0158
岳阳兴长,000819,湖南板块,BK0158
科力尔,002892,湖南板块,BK0158
*ST张股,000430,湖南板块,BK0158
广信科技,920037,湖南板块,BK0158
梦洁股份,002397,湖南板块,BK0158
汉森制药,002412,湖南板块,BK0158
五矿新能,688779,湖南板块,BK0158
时代新材,600458,湖南板块,BK0158
隆平高科,000998,湖南板块,BK0158
金杯电工,002533,湖南板块,BK0158
九芝堂,000989,湖南板块,BK0158
天舟文化,300148,湖南板块,BK0158
华凯易佰,300592,湖南板块,BK0158
三诺生物,300298,湖南板块,BK0158
有棵树,300209,湖南板块,BK0158
现代投资,000900,湖南板块,BK0158
五矿资本,600390,湖南板块,BK0158
雪天盐业,600929,湖南板块,BK0158
博纳影业,001330,新疆板块,BK0147
北新路桥,002307,新疆板块,BK0147
金风科技,002202,新疆板块,BK0147
西域旅游,300859,新疆板块,BK0147
熙菱信息,300588,新疆板块,BK0147
统一股份,600506,新疆板块,BK0147
渤海租赁,000415,新疆板块,BK0147
国统股份,002205,新疆板块,BK0147
天康生物,002100,新疆板块,BK0147
光正眼科,002524,新疆板块,BK0147
新疆火炬,603080,新疆板块,BK0147
卓郎智能,600545,新疆板块,BK0147
德展健康,000813,新疆板块,BK0147
新农开发,600359,新疆板块,BK0147
八一钢铁,600581,新疆板块,BK0147
新疆众和,600888,新疆板块,BK0147
中油工程,600339,新疆板块,BK0147
万憬能源,002700,新疆板块,BK0147
西部牧业,300106,新疆板块,BK0147
中信尼雅,600084,新疆板块,BK0147
冠农股份,600251,新疆板块,BK0147
天润乳业,600419,新疆板块,BK0147
*ST中基,000972,新疆板块,BK0147
伊力特,600197,新疆板块,BK0147
东方环宇,603706,新疆板块,BK0147
新赛股份,600540,新疆板块,BK0147
天顺股份,002800,新疆板块,BK0147
友好集团,600778,新疆板块,BK0147
立新能源,001258,新疆板块,BK0147
洪通燃气,605169,新疆板块,BK0147
元道通信,301139,新疆板块,BK0147
西部建设,002302,新疆板块,BK0147
麦趣尔,002719,新疆板块,BK0147
汇嘉时代,603101,新疆板块,BK0147
*ST新研,300159,新疆板块,BK0147
宝地矿业,601121,新疆板块,BK0147
天山股份,000877,新疆板块,BK0147
贝肯能源,002828,新疆板块,BK0147
新天然气,603393,新疆板块,BK0147
立昂技术,300603,新疆板块,BK0147
雪峰科技,603227,新疆板块,BK0147
*ST天山,300313,新疆板块,BK0147
新疆天业,600075,新疆板块,BK0147
科力股份,920088,新疆板块,BK0147
青松建化,600425,新疆板块,BK0147
德新科技,603032,新疆板块,BK0147
百花医药,600721,新疆板块,BK0147
合金投资,000633,新疆板块,BK0147
中泰化学,002092,新疆板块,BK0147
新疆交建,002941,新疆板块,BK0147
准油股份,002207,新疆板块,BK0147
川宁生物,301301,新疆板块,BK0147
国际实业,000159,新疆板块,BK0147
申万宏源,000166,新疆板块,BK0147
西部黄金,601069,新疆板块,BK0147
广汇能源,600256,新疆板块,BK0147
中粮糖业,600737,新疆板块,BK0147
天富能源,600509,新疆板块,BK0147
大全能源,688303,新疆板块,BK0147
中油资本,000617,新疆板块,BK0147
特变电工,600089,新疆板块,BK0147
天孚通信,300394,江苏板块,BK0159
龙蟠科技,603906,江苏板块,BK0159
徐工机械,000425,江苏板块,BK0159
宏微科技,688711,江苏板块,BK0159
南大光电,300346,江苏板块,BK0159
中材科技,002080,江苏板块,BK0159
N精创,920035,江苏板块,BK0159
智慧农业,000816,江苏板块,BK0159
瑞玛精密,002976,江苏板块,BK0159
日出东方,603366,江苏板块,BK0159
迈为股份,300751,江苏板块,BK0159
苏州天脉,301626,江苏板块,BK0159
新泉股份,603179,江苏板块,BK0159
福立旺,688678,江苏板块,BK0159
亚星锚链,601890,江苏板块,BK0159
敏芯股份,688286,江苏板块,BK0159
微导纳米,688147,江苏板块,BK0159
莱克电气,603355,江苏板块,BK0159
通用股份,601500,江苏板块,BK0159
南京高科,600064,江苏板块,BK0159
大东方,600327,江苏板块,BK0159
丰倍生物,603334,江苏板块,BK0159
文峰股份,601010,江苏板块,BK0159
利柏特,605167,江苏板块,BK0159
洛凯股份,603829,江苏板块,BK0159
翔楼新材,301160,江苏板块,BK0159
华源控股,002787,江苏板块,BK0159
神宇股份,300563,江苏板块,BK0159
信音电子,301329,江苏板块,BK0159
新城控股,601155,江苏板块,BK0159
中电环保,300172,江苏板块,BK0159
江苏神通,002438,江苏板块,BK0159
斯迪克,300806,江苏板块,BK0159
沪光股份,605333,江苏板块,BK0159
国瑞科技,300600,江苏板块,BK0159
双星新材,002585,江苏板块,BK0159
柏诚股份,601133,江苏板块,BK0159
汉桑科技,301491,江苏板块,BK0159
振江股份,603507,江苏板块,BK0159
瑞可达,688800,江苏板块,BK0159
中晟高科,002778,江苏板块,BK0159
通鼎互联,002491,江苏板块,BK0159
奥特佳,002239,江苏板块,BK0159
宝武镁业,002182,江苏板块,BK0159
多伦科技,603528,江苏板块,BK0159
琏升科技,300051,江苏板块,BK0159
欧圣电气,301187,江苏板块,BK0159
宝通科技,300031,江苏板块,BK0159
苏豪时尚,600287,江苏板块,BK0159
派克新材,605123,江苏板块,BK0159
沪电股份,002463,江苏板块,BK0159
苏交科,300284,江苏板块,BK0159
常友科技,301557,江苏板块,BK0159
传艺科技,002866,江苏板块,BK0159
ST路通,300555,江苏板块,BK0159
国博电子,688375,江苏板块,BK0159
格力博,301260,江苏板块,BK0159
爱朋医疗,300753,江苏板块,BK0159
中材国际,600970,江苏板块,BK0159
富瑞特装,300228,江苏板块,BK0159
高华科技,688539,江苏板块,BK0159
扬杰科技,300373,江苏板块,BK0159
威唐工业,300707,江苏板块,BK0159
东微半导,688261,江苏板块,BK0159
圣晖集成,603163,江苏板块,BK0159
全信股份,300447,江苏板块,BK0159
通易航天,920642,江苏板块,BK0159
如通股份,603036,江苏板块,BK0159
威孚高科,000581,江苏板块,BK0159
*ST亚振,603389,江苏板块,BK0159
雪浪环境,300385,江苏板块,BK0159
易德龙,603380,江苏板块,BK0159
中核科技,000777,江苏板块,BK0159
远大控股,000626,江苏板块,BK0159
鼎智科技,920593,江苏板块,BK0159
晶雪节能,301010,江苏板块,BK0159
鼎胜新材,603876,江苏板块,BK0159
ST柯利达,603828,江苏板块,BK0159
锴威特,688693,江苏板块,BK0159
世嘉科技,002796,江苏板块,BK0159
亚翔集成,603929,江苏板块,BK0159
苏豪弘业,600128,江苏板块,BK0159
永鼎股份,600105,江苏板块,BK0159
菲沃泰,688371,江苏板块,BK0159
科沃斯,603486,江苏板块,BK0159
扬农化工,600486,江苏板块,BK0159
味知香,605089,江苏板块,BK0159
无锡振华,605319,江苏板块,BK0159
金陵体育,300651,江苏板块,BK0159
东山精密,002384,江苏板块,BK0159
威腾电气,688226,江苏板块,BK0159
航天晨光,600501,江苏板块,BK0159
标榜股份,301181,江苏板块,BK0159
凤凰股份,600716,江苏板块,BK0159
亚太科技,002540,江苏板块,BK0159
江海股份,002484,江苏板块,BK0159
凯迪股份,605288,江苏板块,BK0159
创元科技,000551,江苏板块,BK0159
恩华药业,002262,江苏板块,BK0159
中南文化,002445,江苏板块,BK0159
国机精工,002046,河南板块,BK0156
中信重工,601608,河南板块,BK0156
大有能源,600403,河南板块,BK0156
航天宏图,688066,河南板块,BK0156
千味央厨,001215,河南板块,BK0156
中孚实业,600595,河南板块,BK0156
思维列控,603508,河南板块,BK0156
森源电气,002358,河南板块,BK0156
中光学,002189,河南板块,BK0156
郑州煤电,600121,河南板块,BK0156
中原内配,002448,河南板块,BK0156
秋乐种业,920087,河南板块,BK0156
仲景食品,300908,河南板块,BK0156
三全食品,002216,河南板块,BK0156
神马股份,600810,河南板块,BK0156
新开普,300248,河南板块,BK0156
羚锐制药,600285,河南板块,BK0156
凯旺科技,301182,河南板块,BK0156
翔宇医疗,688626,河南板块,BK0156
同心传动,920454,河南板块,BK0156
恒拓开源,920415,河南板块,BK0156
安阳钢铁,600569,河南板块,BK0156
新天科技,300259,河南板块,BK0156
天迈科技,300807,河南板块,BK0156
东方碳素,920175,河南板块,BK0156
一拖股份,601038,河南板块,BK0156
恒星科技,002132,河南板块,BK0156
光力科技,300480,河南板块,BK0156
中原高速,600020,河南板块,BK0156
天马新材,920971,河南板块,BK0156
中原环保,000544,河南板块,BK0156
豫能控股,001896,河南板块,BK0156
太龙药业,600222,河南板块,BK0156
北玻股份,002613,河南板块,BK0156
花溪科技,920895,河南板块,BK0156
宇通重工,600817,河南板块,BK0156
蓝天燃气,605368,河南板块,BK0156
凯盛新能,600876,河南板块,BK0156
三晖电气,002857,河南板块,BK0156
金冠电气,688517,河南板块,BK0156
速达股份,001277,河南板块,BK0156
许昌智能,920496,河南板块,BK0156
宇通客车,600066,河南板块,BK0156
通达股份,002560,河南板块,BK0156
致欧科技,301376,河南板块,BK0156
众诚科技,920207,河南板块,BK0156
中钢洛耐,688119,河南板块,BK0156
驰诚股份,920407,河南板块,BK0156
瑞丰新材,300910,河南板块,BK0156
建龙微纳,688357,河南板块,BK0156
易成新能,300080,河南板块,BK0156
新天地,301277,河南板块,BK0156
风神股份,600469,河南板块,BK0156
新乡化纤,000949,河南板块,BK0156
捷安高科,300845,河南板块,BK0156
林州重机,002535,河南板块,BK0156
硅烷科技,920402,河南板块,BK0156
拓新药业,301089,河南板块,BK0156
开普检测,003008,河南板块,BK0156
新宁物流,300013,河南板块,BK0156
平煤股份,601666,河南板块,BK0156
众智科技,301361,河南板块,BK0156
瑞贝卡,600439,河南板块,BK0156
设研院,300732,河南板块,BK0156
金丹科技,300829,河南板块,BK0156
科创新材,920580,河南板块,BK0156
森霸传感,300701,河南板块,BK0156
飞龙股份,002536,河南板块,BK0156
百川畅银,300614,河南板块,BK0156
濮耐股份,002225,河南板块,BK0156
辉煌科技,002296,河南板块,BK0156
普莱柯,603566,河南板块,BK0156
郑州银行,002936,河南板块,BK0156
天力锂能,301152,河南板块,BK0156
利通科技,920225,河南板块,BK0156
中原传媒,000719,河南板块,BK0156
棕榈股份,002431,河南板块,BK0156
城发环境,000885,河南板块,BK0156
远东传动,002406,河南板块,BK0156
焦作万方,000612,河南板块,BK0156
隆华科技,300263,河南板块,BK0156
安彩高科,600207,河南板块,BK0156
明泰铝业,601677,河南板块,BK0156
平高电气,600312,河南板块,BK0156
清水源,300437,河南板块,BK0156
好想你,002582,河南板块,BK0156
仕佳光子,688313,河南板块,BK0156
中原证券,601375,河南板块,BK0156
中粮资本,002423,河南板块,BK0156
安图生物,603658,河南板块,BK0156
莲花控股,600186,河南板块,BK0156
双汇发展,000895,河南板块,BK0156
力量钻石,301071,河南板块,BK0156
中航光电,002179,河南板块,BK0156
华英农业,002321,河南板块,BK0156
惠丰钻石,920725,河南板块,BK0156
新开源,300109,河南板块,BK0156
华兰生物,002007,河南板块,BK0156
濮阳惠成,300481,河南板块,BK0156
龙佰集团,002601,河南板块,BK0156
西藏旅游,600749,西藏板块,BK0174
多瑞医药,301075,西藏板块,BK0174
ST西发,000752,西藏板块,BK0174
筑博设计,300564,西藏板块,BK0174
华宝股份,300741,西藏板块,BK0174
恩威医药,301331,西藏板块,BK0174
卫信康,603676,西藏板块,BK0174
奇正藏药,002287,西藏板块,BK0174
万兴科技,300624,西藏板块,BK0174
灵康药业,603669,西藏板块,BK0174
高争民爆,002827,西藏板块,BK0174
海思科,002653,西藏板块,BK0174
华林证券,002945,西藏板块,BK0174
易明医药,002826,西藏板块,BK0174
西藏天路,600326,西藏板块,BK0174
西藏药业,600211,西藏板块,BK0174
西藏矿业,000762,西藏板块,BK0174
天阳科技,300872,西藏板块,BK0174
西藏城投,600773,西藏板块,BK0174
西藏珠峰,600338,西藏板块,BK0174
梅花生物,600873,西藏板块,BK0174
华钰矿业,601020,西藏板块,BK0174
德福科技,301511,江西板块,BK0160
沃格光电,603773,江西板块,BK0160
新钢股份,600782,江西板块,BK0160
中文传媒,600373,江西板块,BK0160
南矿集团,001360,江西板块,BK0160
威尔高,301251,江西板块,BK0160
章源钨业,002378,江西板块,BK0160
九丰能源,605090,江西板块,BK0160
华伍股份,300095,江西板块,BK0160
晶科能源,688223,江西板块,BK0160
煌上煌,002695,江西板块,BK0160
国光连锁,605188,江西板块,BK0160
江铃汽车,000550,江西板块,BK0160
江盐集团,601065,江西板块,BK0160
黑猫股份,002068,江西板块,BK0160
孚能科技,688567,江西板块,BK0160
凤凰光学,600071,江西板块,BK0160
同和药业,300636,江西板块,BK0160
长虹华意,000404,江西板块,BK0160
播恩集团,001366,江西板块,BK0160
天新药业,603235,江西板块,BK0160
凤形股份,002760,江西板块,BK0160
ST联合,600358,江西板块,BK0160
金达莱,688057,江西板块,BK0160
方大特钢,600507,江西板块,BK0160
江南新材,603124,江西板块,BK0160
欧克科技,001223,江西板块,BK0160
百通能源,001376,江西板块,BK0160
晶科科技,601778,江西板块,BK0160
华维设计,920427,江西板块,BK0160
满坤科技,301132,江西板块,BK0160
*ST海源,002529,江西板块,BK0160
诚志股份,000990,江西板块,BK0160
悦安新材,688786,江西板块,BK0160
恒大高新,002591,江西板块,BK0160
泰豪科技,600590,江西板块,BK0160
*ST节能,000820,江西板块,BK0160
福事特,301446,江西板块,BK0160
百胜智能,301083,江西板块,BK0160
赣粤高速,600269,江西板块,BK0160
耐普矿机,300818,江西板块,BK0160
江西长运,600561,江西板块,BK0160
九鼎投资,600053,江西板块,BK0160
艾芬达,301575,江西板块,BK0160
逸豪新材,301176,江西板块,BK0160
万年青,000789,江西板块,BK0160
赣能股份,000899,江西板块,BK0160
明冠新材,688560,江西板块,BK0160
国泰集团,603977,江西板块,BK0160
宁新新材,920719,江西板块,BK0160
甘源食品,002991,江西板块,BK0160
仁和药业,000650,江西板块,BK0160
新赣江,920367,江西板块,BK0160
博雅生物,300294,江西板块,BK0160
海能实业,300787,江西板块,BK0160
善水科技,301190,江西板块,BK0160
三鑫医疗,300453,江西板块,BK0160
新余国科,300722,江西板块,BK0160
*ST新元,300472,江西板块,BK0160
洪都航空,600316,江西板块,BK0160
慈文传媒,002343,江西板块,BK0160
腾远钴业,301219,江西板块,BK0160
中国瑞林,603257,江西板块,BK0160
*ST返利,600228,江西板块,BK0160
世龙实业,002748,江西板块,BK0160
江钨装备,600397,江西板块,BK0160
阳光乳业,001318,江西板块,BK0160
日月明,300906,江西板块,BK0160
天利科技,300399,江西板块,BK0160
志特新材,300986,江西板块,BK0160
晨光新材,605399,江西板块,BK0160
联创电子,002036,江西板块,BK0160
三川智慧,300066,江西板块,BK0160
星星科技,300256,江西板块,BK0160
国科军工,688543,江西板块,BK0160
联创光电,600363,江西板块,BK0160
宏柏新材,605366,江西板块,BK0160
*ST沐邦,603398,江西板块,BK0160
洪城环境,600461,江西板块,BK0160
富祥药业,300497,江西板块,BK0160
江中药业,600750,江西板块,BK0160
美克家居,600337,江西板块,BK0160
金力永磁,300748,江西板块,BK0160
天键股份,301383,江西板块,BK0160
国盛证券,002670,江西板块,BK0160
江特电机,002176,江西板块,BK0160
正邦科技,002157,江西板块,BK0160
江西铜业,600362,江西板块,BK0160
中国稀土,000831,江西板块,BK0160
赣锋锂业,002460,江西板块,BK0160
天音控股,000829,江西板块,BK0160
西部创业,000557,宁夏板块,BK0162
英 力 特,000635,宁夏板块,BK0162
巨能股份,920578,宁夏板块,BK0162
宁夏建材,600449,宁夏板块,BK0162
晓鸣股份,300967,宁夏板块,BK0162
*ST宁科,600165,宁夏板块,BK0162
*ST宝实,000595,宁夏板块,BK0162
凯添燃气,920010,宁夏板块,BK0162
银星能源,000862,宁夏板块,BK0162
宝丰能源,600989,宁夏板块,BK0162
青龙管业,002457,宁夏板块,BK0162
嘉泽新能,601619,宁夏板块,BK0162
威力传动,300904,宁夏板块,BK0162
东方钽业,000962,宁夏板块,BK0162
美利云,000815,宁夏板块,BK0162
新华百货,600785,宁夏板块,BK0162
